id,wt,position,mut,wt_class,mut_class,mutation_type,environment,ss_simple
seq_1,K,1,M,positive,hydrophobic,non_conservative,surface,loop
seq_1,V,2,K,hydrophobic,positive,non_conservative,surface,helix
seq_1,G,4,S,special,polar,non_conservative,surface,sheet
seq_1,A,10,R,hydrophobic,positive,non_conservative,surface,helix
seq_1,A,11,R,hydrophobic,positive,non_conservative,core,helix
seq_1,M,12,L,hydrophobic,hydrophobic,conservative,core,helix
seq_1,R,14,E,positive,negative,non_conservative,surface,helix
seq_1,H,15,L,positive,hydrophobic,non_conservative,core,helix
seq_1,L,17,M,hydrophobic,hydrophobic,conservative,core,helix
seq_1,Y,20,L,aromatic,hydrophobic,non_conservative,surface,sheet
seq_1,R,21,F,positive,aromatic,non_conservative,surface,helix
seq_1,S,24,P,polar,special,non_conservative,surface,sheet
seq_1,N,27,A,polar,hydrophobic,non_conservative,core,helix
seq_1,W,28,Y,aromatic,aromatic,conservative,core,helix
seq_1,A,31,L,hydrophobic,hydrophobic,conservative,core,helix
seq_1,K,33,E,positive,negative,non_conservative,core,helix
seq_1,F,34,V,aromatic,hydrophobic,non_conservative,core,helix
seq_1,E,35,T,negative,polar,non_conservative,core,helix
seq_1,S,36,G,polar,special,non_conservative,core,sheet
seq_1,N,37,G,polar,special,non_conservative,core,helix
seq_1,F,38,G,aromatic,special,non_conservative,core,helix
seq_1,N,39,D,polar,negative,non_conservative,core,sheet
seq_1,Q,41,S,polar,polar,conservative,core,helix
seq_1,A,42,V,hydrophobic,hydrophobic,conservative,core,helix
seq_1,N,44,R,polar,positive,non_conservative,core,sheet
seq_1,R,45,K,positive,positive,conservative,surface,sheet
seq_1,N,46,D,polar,negative,non_conservative,surface,sheet
seq_1,T,47,S,polar,polar,conservative,surface,helix
seq_1,S,50,N,polar,polar,conservative,surface,sheet
seq_1,T,51,V,polar,hydrophobic,non_conservative,surface,sheet
seq_1,D,52,Y,negative,aromatic,non_conservative,core,sheet
seq_1,L,56,F,hydrophobic,aromatic,non_conservative,core,helix
seq_1,Q,57,G,polar,special,non_conservative,core,helix
seq_1,I,58,L,hydrophobic,hydrophobic,conservative,core,sheet
seq_1,N,59,P,polar,special,non_conservative,core,sheet
seq_1,S,60,T,polar,polar,conservative,surface,helix
seq_1,R,61,N,positive,polar,non_conservative,surface,helix
seq_1,W,62,T,aromatic,polar,non_conservative,surface,sheet
seq_1,N,65,Y,polar,aromatic,non_conservative,surface,sheet
seq_1,R,68,N,positive,polar,non_conservative,surface,helix
seq_1,G,71,S,special,polar,non_conservative,surface,helix
seq_1,S,72,N,polar,polar,conservative,surface,sheet
seq_1,R,73,V,positive,hydrophobic,non_conservative,surface,helix
seq_1,L,75,K,hydrophobic,positive,non_conservative,surface,helix
seq_1,I,78,V,hydrophobic,hydrophobic,conservative,surface,sheet
seq_1,A,82,E,hydrophobic,negative,non_conservative,core,helix
seq_1,L,84,T,hydrophobic,polar,non_conservative,core,helix
seq_1,S,85,K,polar,positive,non_conservative,core,sheet
seq_1,S,86,D,polar,negative,non_conservative,surface,helix
seq_1,A,90,T,hydrophobic,polar,non_conservative,core,helix
seq_1,S,91,A,polar,hydrophobic,non_conservative,core,helix
seq_1,A,95,L,hydrophobic,hydrophobic,conservative,core,helix
seq_1,I,98,V,hydrophobic,hydrophobic,conservative,core,helix
seq_1,D,101,E,negative,negative,conservative,surface,helix
seq_1,M,105,L,hydrophobic,hydrophobic,conservative,core,helix
seq_1,N,106,K,polar,positive,non_conservative,core,helix
seq_1,W,108,F,aromatic,aromatic,conservative,core,helix
seq_1,V,109,P,hydrophobic,special,non_conservative,core,helix
seq_1,A,110,E,hydrophobic,negative,non_conservative,core,helix
seq_1,W,111,Y,aromatic,aromatic,conservative,core,helix
seq_1,R,112,K,positive,positive,conservative,surface,helix
seq_1,N,113,A,polar,hydrophobic,non_conservative,surface,helix
seq_1,R,114,K,positive,positive,conservative,surface,helix
seq_1,K,116,D,positive,negative,non_conservative,surface,helix
seq_1,T,118,K,polar,positive,non_conservative,surface,sheet
seq_1,Q,121,S,polar,polar,conservative,surface,helix
seq_1,A,122,K,hydrophobic,positive,non_conservative,surface,helix
seq_1,I,124,V,hydrophobic,hydrophobic,conservative,surface,helix
seq_1,R,125,E,positive,negative,non_conservative,surface,sheet
seq_1,R,128,E,positive,negative,non_conservative,surface,helix
seq_5,K,1,M,positive,hydrophobic,non_conservative,surface,loop
seq_5,V,2,K,hydrophobic,positive,non_conservative,surface,helix
seq_5,G,4,S,special,polar,non_conservative,surface,sheet
seq_5,E,7,G,negative,special,non_conservative,surface,helix
seq_5,A,10,Q,hydrophobic,polar,non_conservative,surface,helix
seq_5,A,11,E,hydrophobic,negative,non_conservative,core,helix
seq_5,M,12,L,hydrophobic,hydrophobic,conservative,core,helix
seq_5,R,14,K,positive,positive,conservative,surface,helix
seq_5,H,15,L,positive,hydrophobic,non_conservative,core,helix
seq_5,L,17,M,hydrophobic,hydrophobic,conservative,core,helix
seq_5,Y,20,F,aromatic,aromatic,conservative,surface,sheet
seq_5,R,21,N,positive,polar,non_conservative,surface,helix
seq_5,S,24,P,polar,special,non_conservative,surface,sheet
seq_5,N,27,A,polar,hydrophobic,non_conservative,core,helix
seq_5,A,31,L,hydrophobic,hydrophobic,conservative,core,helix
seq_5,K,33,E,positive,negative,non_conservative,core,helix
seq_5,F,34,V,aromatic,hydrophobic,non_conservative,core,helix
seq_5,E,35,T,negative,polar,non_conservative,core,helix
seq_5,S,36,A,polar,hydrophobic,non_conservative,core,sheet
seq_5,N,37,G,polar,special,non_conservative,core,helix
seq_5,F,38,G,aromatic,special,non_conservative,core,helix
seq_5,N,39,D,polar,negative,non_conservative,core,sheet
seq_5,Q,41,S,polar,polar,conservative,core,helix
seq_5,A,42,V,hydrophobic,hydrophobic,conservative,core,helix
seq_5,T,43,S,polar,polar,conservative,core,sheet
seq_5,N,44,R,polar,positive,non_conservative,core,sheet
seq_5,R,45,A,positive,hydrophobic,non_conservative,surface,sheet
seq_5,N,46,Y,polar,aromatic,non_conservative,surface,sheet
seq_5,T,47,P,polar,special,non_conservative,surface,helix
seq_5,T,51,V,polar,hydrophobic,non_conservative,surface,sheet
seq_5,D,52,S,negative,polar,non_conservative,core,sheet
seq_5,L,56,F,hydrophobic,aromatic,non_conservative,core,helix
seq_5,Q,57,G,polar,special,non_conservative,core,helix
seq_5,I,58,L,hydrophobic,hydrophobic,conservative,core,sheet
seq_5,N,59,P,polar,special,non_conservative,core,sheet
seq_5,S,60,T,polar,polar,conservative,surface,helix
seq_5,R,61,D,positive,negative,non_conservative,surface,helix
seq_5,N,65,D,polar,negative,non_conservative,surface,sheet
seq_5,R,68,N,positive,polar,non_conservative,surface,helix
seq_5,G,71,S,special,polar,non_conservative,surface,helix
seq_5,S,72,N,polar,polar,conservative,surface,sheet
seq_5,R,73,T,positive,polar,non_conservative,surface,helix
seq_5,I,78,V,hydrophobic,hydrophobic,conservative,surface,sheet
seq_5,A,82,E,hydrophobic,negative,non_conservative,core,helix
seq_5,L,84,T,hydrophobic,polar,non_conservative,core,helix
seq_5,S,86,D,polar,negative,non_conservative,surface,helix
seq_5,A,90,T,hydrophobic,polar,non_conservative,core,helix
seq_5,S,91,A,polar,hydrophobic,non_conservative,core,helix
seq_5,N,93,A,polar,hydrophobic,non_conservative,core,helix
seq_5,A,95,L,hydrophobic,hydrophobic,conservative,core,helix
seq_5,I,98,V,hydrophobic,hydrophobic,conservative,core,helix
seq_5,D,101,A,negative,hydrophobic,non_conservative,surface,helix
seq_5,N,103,E,polar,negative,non_conservative,surface,helix
seq_5,M,105,L,hydrophobic,hydrophobic,conservative,core,helix
seq_5,N,106,R,polar,positive,non_conservative,core,helix
seq_5,W,108,F,aromatic,aromatic,conservative,core,helix
seq_5,V,109,P,hydrophobic,special,non_conservative,core,helix
seq_5,A,110,E,hydrophobic,negative,non_conservative,core,helix
seq_5,R,112,K,positive,positive,conservative,surface,helix
seq_5,N,113,E,polar,negative,non_conservative,surface,helix
seq_5,R,114,H,positive,positive,conservative,surface,helix
seq_5,K,116,E,positive,negative,non_conservative,surface,helix
seq_5,Q,121,S,polar,polar,conservative,surface,helix
seq_5,A,122,K,hydrophobic,positive,non_conservative,surface,helix
seq_5,I,124,V,hydrophobic,hydrophobic,conservative,surface,helix
seq_5,R,125,E,positive,negative,non_conservative,surface,sheet
seq_5,R,128,E,positive,negative,non_conservative,surface,helix
seq_2,V,2,K,hydrophobic,positive,non_conservative,surface,helix
seq_2,F,3,Y,aromatic,aromatic,conservative,core,sheet
seq_2,G,4,T,special,polar,non_conservative,surface,sheet
seq_2,E,7,G,negative,special,non_conservative,surface,helix
seq_2,A,10,K,hydrophobic,positive,non_conservative,surface,helix
seq_2,A,11,E,hydrophobic,negative,non_conservative,core,helix
seq_2,M,12,L,hydrophobic,hydrophobic,conservative,core,helix
seq_2,R,14,K,positive,positive,conservative,surface,helix
seq_2,H,15,L,positive,hydrophobic,non_conservative,core,helix
seq_2,L,17,M,hydrophobic,hydrophobic,conservative,core,helix
seq_2,Y,20,F,aromatic,aromatic,conservative,surface,sheet
seq_2,R,21,N,positive,polar,non_conservative,surface,helix
seq_2,S,24,P,polar,special,non_conservative,surface,sheet
seq_2,N,27,Y,polar,aromatic,non_conservative,core,helix
seq_2,A,31,L,hydrophobic,hydrophobic,conservative,core,helix
seq_2,K,33,W,positive,aromatic,non_conservative,core,helix
seq_2,F,34,Y,aromatic,aromatic,conservative,core,helix
seq_2,E,35,T,negative,polar,non_conservative,core,helix
seq_2,S,36,A,polar,hydrophobic,non_conservative,core,sheet
seq_2,N,37,G,polar,special,non_conservative,core,helix
seq_2,F,38,G,aromatic,special,non_conservative,core,helix
seq_2,N,39,D,polar,negative,non_conservative,core,sheet
seq_2,T,40,N,polar,polar,conservative,core,helix
seq_2,Q,41,S,polar,polar,conservative,core,helix
seq_2,A,42,K,hydrophobic,positive,non_conservative,core,helix
seq_2,N,44,E,polar,negative,non_conservative,core,sheet
seq_2,R,45,K,positive,positive,conservative,surface,sheet
seq_2,N,46,L,polar,hydrophobic,non_conservative,surface,sheet
seq_2,T,47,A,polar,hydrophobic,non_conservative,surface,helix
seq_2,S,50,T,polar,polar,conservative,surface,sheet
seq_2,T,51,V,polar,hydrophobic,non_conservative,surface,sheet
seq_2,D,52,R,negative,positive,non_conservative,core,sheet
seq_2,Y,53,K,aromatic,positive,non_conservative,core,sheet
seq_2,I,55,L,hydrophobic,hydrophobic,conservative,core,helix
seq_2,L,56,F,hydrophobic,aromatic,non_conservative,core,helix
seq_2,Q,57,G,polar,special,non_conservative,core,helix
seq_2,I,58,L,hydrophobic,hydrophobic,conservative,core,sheet
seq_2,N,59,P,polar,special,non_conservative,core,sheet
seq_2,S,60,T,polar,polar,conservative,surface,helix
seq_2,R,61,N,positive,polar,non_conservative,surface,helix
seq_2,W,62,K,aromatic,positive,non_conservative,surface,sheet
seq_2,N,65,S,polar,polar,conservative,surface,sheet
seq_2,R,68,S,positive,polar,non_conservative,surface,helix
seq_2,G,71,S,special,polar,non_conservative,surface,helix
seq_2,S,72,N,polar,polar,conservative,surface,sheet
seq_2,R,73,V,positive,hydrophobic,non_conservative,surface,helix
seq_2,L,75,R,hydrophobic,positive,non_conservative,surface,helix
seq_2,I,78,V,hydrophobic,hydrophobic,conservative,surface,sheet
seq_2,A,82,E,hydrophobic,negative,non_conservative,core,helix
seq_2,L,84,T,hydrophobic,polar,non_conservative,core,helix
seq_2,S,86,D,polar,negative,non_conservative,surface,helix
seq_2,I,88,L,hydrophobic,hydrophobic,conservative,core,helix
seq_2,A,90,T,hydrophobic,polar,non_conservative,core,helix
seq_2,S,91,Q,polar,polar,conservative,core,helix
seq_2,N,93,A,polar,hydrophobic,non_conservative,core,helix
seq_2,A,95,L,hydrophobic,hydrophobic,conservative,core,helix
seq_2,I,98,V,hydrophobic,hydrophobic,conservative,core,helix
seq_2,D,101,E,negative,negative,conservative,surface,helix
seq_2,M,105,L,hydrophobic,hydrophobic,conservative,core,helix
seq_2,N,106,D,polar,negative,non_conservative,core,helix
seq_2,W,108,F,aromatic,aromatic,conservative,core,helix
seq_2,V,109,P,hydrophobic,special,non_conservative,core,helix
seq_2,A,110,E,hydrophobic,negative,non_conservative,core,helix
seq_2,W,111,Y,aromatic,aromatic,conservative,core,helix
seq_2,R,112,K,positive,positive,conservative,surface,helix
seq_2,N,113,A,polar,hydrophobic,non_conservative,surface,helix
seq_2,R,114,K,positive,positive,conservative,surface,helix
seq_2,T,118,K,polar,positive,non_conservative,surface,sheet
seq_2,Q,121,S,polar,polar,conservative,surface,helix
seq_2,A,122,K,hydrophobic,positive,non_conservative,surface,helix
seq_2,I,124,V,hydrophobic,hydrophobic,conservative,surface,helix
seq_2,R,125,E,positive,negative,non_conservative,surface,sheet
seq_2,R,128,E,positive,negative,non_conservative,surface,helix
