position,n_mutations,n_candidates,max_risk_score,mean_risk_score,n_high_risk,environments,ss_types
59,3,3,6,6.0,3,core,sheet
109,3,3,6,6.0,3,core,helix
24,3,3,5,5.0,3,surface,sheet
37,3,3,5,5.0,3,core,helix
38,3,3,5,5.0,3,core,helix
57,3,3,5,5.0,3,core,helix
36,3,3,5,4.333333333333333,1,core,sheet
47,3,3,5,3.0,1,surface,helix
4,3,3,4,4.0,0,surface,sheet
11,3,3,4,4.0,0,core,helix
15,3,3,4,4.0,0,core,helix
27,3,3,4,4.0,0,core,helix
33,3,3,4,4.0,0,core,helix
35,3,3,4,4.0,0,core,helix
39,3,3,4,4.0,0,core,sheet
44,3,3,4,4.0,0,core,sheet
52,3,3,4,4.0,0,core,sheet
56,3,3,4,4.0,0,core,helix
71,3,3,4,4.0,0,surface,helix
82,3,3,4,4.0,0,core,helix
84,3,3,4,4.0,0,core,helix
90,3,3,4,4.0,0,core,helix
106,3,3,4,4.0,0,core,helix
110,3,3,4,4.0,0,core,helix
7,2,2,4,4.0,0,surface,helix
93,2,2,4,4.0,0,core,helix
53,1,1,4,4.0,0,core,sheet
85,1,1,4,4.0,0,core,sheet
34,3,3,4,3.3333333333333335,0,core,helix
91,3,3,4,3.3333333333333335,0,core,helix
2,3,3,3,3.0,0,surface,helix
10,3,3,3,3.0,0,surface,helix
21,3,3,3,3.0,0,surface,helix
46,3,3,3,3.0,0,surface,sheet
51,3,3,3,3.0,0,surface,sheet
61,3,3,3,3.0,0,surface,helix
68,3,3,3,3.0,0,surface,helix
73,3,3,3,3.0,0,surface,helix
86,3,3,3,3.0,0,surface,helix
113,3,3,3,3.0,0,surface,helix
122,3,3,3,3.0,0,surface,helix
125,3,3,3,3.0,0,surface,sheet
128,3,3,3,3.0,0,surface,helix
62,2,2,3,3.0,0,surface,sheet
75,2,2,3,3.0,0,surface,helix
116,2,2,3,3.0,0,surface,helix
118,2,2,3,3.0,0,surface,sheet
